epoch,step,train_loss_epoch,train_loss_step
0,24,15.412117519716812,
1,49,,15.33714612312308
1,49,15.388165203307285,
2,74,15.331621743051995,
3,99,,15.17886473866879
3,99,15.24927873000249,
4,124,15.150752308938223,
5,149,,14.968798994662027
5,149,15.032022137136375,
6,174,14.891466626855271,
7,199,,14.639673941792683
7,199,14.71537147208549,
8,224,14.497804061163443,
9,249,,14.106746257777905
9,249,14.243129628497643,
10,274,13.87921711903644,
11,299,,13.30047691815939
11,299,13.453808419920012,
12,324,13.030387512567229,
13,349,,12.445896407926208
13,349,12.622857745661477,
14,374,12.290832681688281,
15,399,,11.806492951932688
15,399,11.989873692285956,
16,424,11.732566954664936,
17,449,,11.366084152034492
17,449,11.550441374011095,
18,474,11.35815664999445,
19,499,,11.149508250129898
19,499,11.209785279591644,
20,524,11.055892035655758,
21,549,,10.776263389626415
21,549,10.916480207316019,
22,574,10.826736950726326,
23,599,,10.726470034364684
23,599,10.77733765079648,
24,624,10.691459073139399,
25,649,,10.569755843900069
25,649,10.615316666961544,
26,674,10.544170563617957,
27,699,,10.32422126297114
27,699,10.496289267265219,
28,724,10.423357545037797,
29,749,,10.255869919689166
29,749,10.347719526616357,
30,774,10.276993447781795,
31,799,,10.09034989880849
31,799,10.191680325650102,
32,824,10.122560699403277,
33,849,,9.995595626251742
33,849,10.051091572079699,
34,874,10.000410952817179,
35,899,,9.905949167279875
35,899,9.928447949882463,
36,924,9.881121870944487,
37,949,,9.748925818849251
37,949,9.791606646655833,
38,974,9.758325423242091,
39,999,,9.624775998435021
39,999,9.701478928896194,
40,1024,9.651786516212427,
41,1049,,9.43504859218207
41,1049,9.60697208403102,
42,1074,9.533809419765163,
43,1099,,9.431600339790364
43,1099,9.48193629783389,
44,1124,9.459133591384306,
45,1149,,9.330319846954865
45,1149,9.41909785999435,
46,1174,9.346326977912177,
47,1199,,9.199757210811978
47,1199,9.301557467437902,
48,1224,9.254924625192144,
49,1249,,9.16617517042383
49,1249,9.228679440592382,
50,1274,9.181584911854268,
51,1299,,9.109720753627082
51,1299,9.169915980164472,
52,1324,9.143982793088355,
53,1349,,9.00906329721547
53,1349,9.076743700120286,
54,1374,9.05795308612429,
55,1399,,8.968162600648451
55,1399,9.01138364129169,
56,1424,8.989712961206571,
57,1449,,8.951089725230213
57,1449,8.947086337726697,
58,1474,8.928650769717853,
59,1499,,8.972599511667465
59,1499,8.926588226450622,
60,1524,8.873445810203659,
61,1549,,8.72143189791271
61,1549,8.808754198108923,
62,1574,8.829662716070699,
63,1599,,8.783246172624024
63,1599,8.780438275430026,
64,1624,8.784085694971115,
65,1649,,8.684600484329168
65,1649,8.737172584236902,
66,1674,8.712782937176614,
67,1699,,8.683554922969595
67,1699,8.683302997686393,
68,1724,8.69706720271239,
69,1749,,8.65976976996073
69,1749,8.686305355302332,
70,1774,8.639596353801567,
71,1799,,8.5324978886407
71,1799,8.58399808270258,
72,1824,8.594305312453209,
73,1849,,8.480774535738895
73,1849,8.573221632054432,
74,1874,8.53885727716242,
75,1899,,8.485708723231365
75,1899,8.500852873082792,
76,1924,8.486386454521947,
77,1949,,8.341611518469044
77,1949,8.465061581457247,
78,1974,8.474789531077343,
79,1999,,8.370028409907105
79,1999,8.439950330498757,
80,2024,8.416571954125658,
81,2049,,8.336026172333561
81,2049,8.41946376174286,
82,2074,8.379383122046029,
83,2099,,8.349254702705528
83,2099,8.402343550627707,
84,2124,8.34176703326578,
85,2149,,8.214518913351473
85,2149,8.312524834357774,
86,2174,8.298676971025927,
87,2199,,8.269780121741686
87,2199,8.298217589802709,
88,2224,8.264674988031883,
89,2249,,8.264047185590801
89,2249,8.25876665760545,
90,2274,8.252763604432852,
91,2299,,8.15701443176658
91,2299,8.212863994431848,
92,2324,8.186811089223493,
93,2349,,8.14165352110187
93,2349,8.19572228379474,
94,2374,8.169960990044592,
95,2399,,8.065141648260152
95,2399,8.160802447974827,
96,2424,8.177560404898589,
97,2449,,7.961149406921924
97,2449,8.123725902300363,
98,2474,8.103763464350306,
99,2499,,7.947946866288583
99,2499,8.079453204676232,
100,2524,8.095476543679244,
101,2549,,7.984250149794353
101,2549,8.064002176485486,
102,2574,8.080945368272312,
103,2599,,8.054950427368915
103,2599,8.036067766257109,
104,2624,8.008396065055555,
105,2649,,7.871102647660651
105,2649,8.02774527098328,
106,2674,8.017036680553026,
107,2699,,7.838263442365857
107,2699,7.98474306219841,
108,2724,7.976484832381659,
109,2749,,7.924214141101906
109,2749,7.985084188651412,
110,2774,8.010088250221974,
111,2799,,7.914582609401823
111,2799,7.938643342401799,
112,2824,7.962302934725646,
113,2849,,7.904924464415491
113,2849,7.979028497347927,
114,2874,7.932781814745713,
115,2899,,7.923020423378376
115,2899,7.917150093427939,
116,2924,7.914328309107844,
117,2949,,7.853290439811593
117,2949,7.905535307468711,
118,2974,7.88641811237216,
119,2999,,7.705702292496486
119,2999,7.873587414908559,
120,3024,7.89612964102775,
121,3049,,7.809560853684993
121,3049,7.860415616602719,
122,3074,7.88307206817456,
123,3099,,7.840568749215046
123,3099,7.837495599869087,
124,3124,7.849733538179503,
125,3149,,7.801889522107058
125,3149,7.8371953132130905,
126,3174,7.827165053221144,
127,3199,,7.701396231631336
127,3199,7.800266886589579,
128,3224,7.833798712484566,
129,3249,,7.660986350894737
129,3249,7.816114449695453,
130,3274,7.816073652513085,
131,3299,,7.7926417455484795
131,3299,7.815677736732673,
132,3324,7.8391012250953995,
133,3349,,7.766057629816236
133,3349,7.811014005086889,
134,3374,7.797832113223185,
135,3399,,7.642255822119916
135,3399,7.758261996685671,
136,3424,7.743846840161835,
137,3449,,7.7725543164306155
137,3449,7.7474465546617575,
138,3474,7.738547896933012,
139,3499,,7.80413530986288
139,3499,7.714829978072618,
140,3524,7.733522752975848,
141,3549,,7.747955829386813
141,3549,7.7200741112978415,
142,3574,7.746813827786768,
143,3599,,7.626987956399182
143,3599,7.749505224575271,
144,3624,7.718606820311074,
145,3649,,7.667092940997286
145,3649,7.711577709169356,
146,3674,7.746119061189525,
147,3699,,7.660281712228806
147,3699,7.711599365793872,
148,3724,7.711839431172094,
149,3749,,7.685896799630202
149,3749,7.686617807128483,
150,3774,7.733910555084257,
151,3799,,7.580279195920426
151,3799,7.683059700152113,
152,3824,7.677172066059812,
153,3849,,7.700737685340336
153,3849,7.674391009911672,
154,3874,7.69956888648554,
155,3899,,7.623559506041444
155,3899,7.7153352074409485,
156,3924,7.647663044240486,
157,3949,,7.644427288857226
157,3949,7.649345998047504,
158,3974,7.652064087925886,
159,3999,,7.555774942881233
159,3999,7.650307233699439,
160,4024,7.63634918455794,
161,4049,,7.582889865649318
161,4049,7.62808614403164,
162,4074,7.664855663320339,
163,4099,,7.556463742327862
163,4099,7.636986793746674,
164,4124,7.629616152512217,
165,4149,,7.683184532904068
165,4149,7.639106730127618,
166,4174,7.654554406061469,
167,4199,,7.63308352809163
167,4199,7.633763003344787,
168,4224,7.6281274372098835,
169,4249,,7.558606913916309
169,4249,7.6094114954508525,
170,4274,7.588083443728936,
171,4299,,7.605265310912249
171,4299,7.613109234081079,
172,4324,7.6202131826255215,
173,4349,,7.611246909429701
173,4349,7.638128032486464,
174,4374,7.594293065148051,
175,4399,,7.508722558276453
175,4399,7.616801959125387,
176,4424,7.590545077621392,
177,4449,,7.577640758782264
177,4449,7.577419691685408,
178,4474,7.587219747706122,
179,4499,,7.496671571963483
179,4499,7.56230564400929,
180,4524,7.544028004965221,
181,4549,,7.410998179934041
181,4549,7.546705800908909,
182,4574,7.5534825027150925,
183,4599,,7.530211841564882
183,4599,7.565481308891298,
184,4624,7.57288366967658,
185,4649,,7.460309136251135
185,4649,7.5476807497288885,
186,4674,7.527547090866246,
187,4699,,7.530712793067555
187,4699,7.578380446412126,
188,4724,7.591100357103913,
189,4749,,7.594300108901349
189,4749,7.537817492854029,
190,4774,7.545383044146158,
191,4799,,7.563951221817986
191,4799,7.551651807391231,
192,4824,7.566054790027629,
193,4849,,7.4936143670414594
193,4849,7.552623204848806,
194,4874,7.52840730970079,
195,4899,,7.4397032390874465
195,4899,7.568780981785622,
196,4924,7.554965104221143,
197,4949,,7.6854292568410765
197,4949,7.567689242185551,
198,4974,7.5560998977658,
199,4999,,7.33669942567796
199,4999,7.540098029435069,
200,5024,7.539009113396014,
201,5049,,7.510108689965291
201,5049,7.544797778556229,
202,5074,7.531344099721155,
203,5099,,7.349079210314391
203,5099,7.535183778362999,
204,5124,7.575735971897644,
205,5149,,7.479860874621837
205,5149,7.539912828330224,
206,5174,7.522126864982871,
207,5199,,7.396530009856524
207,5199,7.511572420800984,
208,5224,7.51304757423565,
209,5249,,7.487981378071937
209,5249,7.475317307009511,
210,5274,7.478797699389416,
211,5299,,7.468634346498701
211,5299,7.485151760187402,
212,5324,7.498760554233322,
213,5349,,7.333955214319365
213,5349,7.490553082664218,
214,5374,7.505452448689294,
215,5399,,7.3518413987758535
215,5399,7.498539495512517,
216,5424,7.482327145050008,
217,5449,,7.395739865711776
217,5449,7.492941858737367,
218,5474,7.466767099807316,
219,5499,,7.404254331565746
219,5499,7.44997282140366,
220,5524,7.434840471817617,
221,5549,,7.448918753194644
221,5549,7.474430180052854,
222,5574,7.462316551118078,
223,5599,,7.47488467762048
223,5599,7.505925102459902,
224,5624,7.50717507316915,
225,5649,,7.343356407894803
225,5649,7.452657903673131,
226,5674,7.4720945426400185,
227,5699,,7.5263926281477325
227,5699,7.474715847990731,
228,5724,7.476739239327336,
229,5749,,7.314331121460648
229,5749,7.458132269900878,
230,5774,7.464348419645929,
231,5799,,7.48312770224112
231,5799,7.4906056218504204,
232,5824,7.535862453901717,
233,5849,,7.489544741808161
233,5849,7.533385305065064,
234,5874,7.499888054728076,
235,5899,,7.431938365557665
235,5899,7.4848753798300445,
236,5924,7.454957993584529,
237,5949,,7.4361031766330346
237,5949,7.459556454771638,
238,5974,7.482662863495694,
239,5999,,7.411692603630592
239,5999,7.472093518514584,
240,6024,7.468257042417166,
241,6049,,7.485301167766914
241,6049,7.4748102778423196,
242,6074,7.497666797907221,
243,6099,,7.431312339484311
243,6099,7.499619597342089,
244,6124,7.4555799940517025,
245,6149,,7.405765858597578
245,6149,7.425643409129912,
246,6174,7.425012673388769,
247,6199,,7.407270318365912
247,6199,7.43711288891835,
248,6224,7.417618043425779,
249,6249,,7.366461365780589
249,6249,7.453576957592499,
250,6274,7.3917930864472146,
251,6299,,7.413881542665564
251,6299,7.411027415108802,
252,6324,7.429501499989491,
253,6349,,7.366395270023305
253,6349,7.404444034154682,
254,6374,7.375003859612581,
255,6399,,7.275087116533407
255,6399,7.370226721535939,
256,6424,7.423957521793085,
257,6449,,7.292110569390754
257,6449,7.418069849598356,
258,6474,7.4357951393622495,
259,6499,,7.588924298275755
259,6499,7.432116627186285,
260,6524,7.469629786209003,
261,6549,,7.334630814451419
261,6549,7.528011743128911,
262,6574,7.51311037732312,
263,6599,,7.336651841549185
263,6599,7.482382225983487,
264,6624,7.405219820129356,
265,6649,,7.437946082585762
265,6649,7.426493614884242,
266,6674,7.409418875814119,
267,6699,,7.436770987484191
267,6699,7.435351230668442,
268,6724,7.448673049731054,
269,6749,,7.338810266706639
269,6749,7.426984535624336,
270,6774,7.419286456566731,
271,6799,,7.290759718338333
271,6799,7.401815756403569,
272,6824,7.384904633122351,
273,6849,,7.371062795583414
273,6849,7.374872578064334,
274,6874,7.366864941049602,
275,6899,,7.336044646421279
275,6899,7.426483380129034,
276,6924,7.3976588082494965,
277,6949,,7.302319260892025
277,6949,7.386308147628739,
278,6974,7.358499020377613,
279,6999,,7.32622795224677
279,6999,7.418436652395517,
280,7024,7.406515562110477,
281,7049,,7.412295194145969
281,7049,7.427578454665692,
282,7074,7.423829286966697,
283,7099,,7.322501642817416
283,7099,7.410013547351067,
284,7124,7.403346284211272,
285,7149,,7.3188993676022065
285,7149,7.4215115180175895,
286,7174,7.4084358368685495,
287,7199,,7.192345600953116
287,7199,7.3753919078263,
288,7224,7.390876967761664,
289,7249,,7.37689236620259
289,7249,7.392931901804067,
290,7274,7.402456996752975,
291,7299,,7.252507305616136
291,7299,7.394320841680387,
292,7324,7.359403804812816,
293,7349,,7.3876226155738856
293,7349,7.358041699534105,
294,7374,7.33785956427582,
295,7399,,7.336504595241434
295,7399,7.3493356560418865,
296,7424,7.367772485448354,
297,7449,,7.493441399558553
297,7449,7.355951553160273,
298,7474,7.328626839312387,
299,7499,,7.36076696182942
299,7499,7.343534120540482,
300,7524,7.344009872826717,
301,7549,,7.270259001241316
301,7549,7.334806806281078,
302,7574,7.338714651442975,
303,7599,,7.274325026664038
303,7599,7.345822060615771,
304,7624,7.328613695367202,
305,7649,,7.327010238065171
305,7649,7.3639753682944225,
306,7674,7.3624526296698924,
307,7699,,7.184082204847553
307,7699,7.314286845362773,
308,7724,7.339136866956343,
309,7749,,7.2247167444255584
309,7749,7.314790229496384,
310,7774,7.347503885927089,
311,7799,,7.471168394975049
311,7799,7.349027268760504,
312,7824,7.356801658046555,
313,7849,,7.3582793944294425
313,7849,7.384490201655072,
314,7874,7.380473479914841,
315,7899,,7.247678112753267
315,7899,7.382299668388341,
316,7924,7.384253544598662,
317,7949,,7.485276445843657
317,7949,7.372938489001193,
318,7974,7.376620677869976,
319,7999,,7.31913310928614
319,7999,7.347193265869972,
320,8024,7.321553661849824,
321,8049,,7.307882148687129
321,8049,7.30998680336709,
322,8074,7.325519029062098,
323,8099,,7.208648511674142
323,8099,7.335602960193403,
324,8124,7.344436259370205,
325,8149,,7.351260572209938
325,8149,7.333183560579278,
326,8174,7.320563055921906,
327,8199,,7.261409246924297
327,8199,7.294678879649386,
328,8224,7.27792347787389,
329,8249,,7.414418572145022
329,8249,7.333971083006351,
330,8274,7.314682789551598,
331,8299,,7.2591911178745026
331,8299,7.28899296473529,
332,8324,7.3174168438370994,
333,8349,,7.438676400328241
333,8349,7.339705064530327,
334,8374,7.384420572799625,
335,8399,,7.31831375061858
335,8399,7.402033909224168,
336,8424,7.346225201991473,
337,8449,,7.2711885266733525
337,8449,7.299573782303942,
338,8474,7.309459101923345,
339,8499,,7.260465198956976
339,8499,7.2902060054064375,
340,8524,7.309837881290336,
341,8549,,7.239002071408921
341,8549,7.2980326547878445,
342,8574,7.283667244314296,
343,8599,,7.126413732402124
343,8599,7.298022074553281,
344,8624,7.287298855314959,
345,8649,,7.325629792612106
345,8649,7.3309077469441775,
346,8674,7.333956793432107,
347,8699,,7.199156691021793
347,8699,7.314133587032332,
348,8724,7.299416004112361,
349,8749,,7.166492012988373
349,8749,7.307076059566528,
350,8774,7.321260131918668,
351,8799,,7.219230026149731
351,8799,7.3167822941743275,
352,8824,7.319149003932176,
353,8849,,7.342999494001398
353,8849,7.328927320292437,
354,8874,7.285521245219941,
355,8899,,7.1394646375960145
355,8899,7.284708006727977,
356,8924,7.308133896260738,
357,8949,,7.293035872962443
357,8949,7.326537428071026,
358,8974,7.321499404745639,
359,8999,,7.355410971548274
359,8999,7.325394850304089,
360,9024,7.299290864877378,
361,9049,,7.162628256768437
361,9049,7.304746648708982,
362,9074,7.280107498737288,
363,9099,,7.17521747075999
363,9099,7.289462819712465,
364,9124,7.286279482571361,
365,9149,,7.227506443069014
365,9149,7.291625439283541,
366,9174,7.32445395500532,
367,9199,,7.2553465533091686
367,9199,7.348668783655278,
368,9224,7.306730632323369,
369,9249,,7.306910106878712
369,9249,7.281268434016019,
370,9274,7.286456707372125,
371,9299,,7.300005228736884
371,9299,7.277290735324436,
372,9324,7.285872968698971,
373,9349,,7.157897122526759
373,9349,7.275392725748289,
374,9374,7.232567941246266,
375,9399,,7.082715450074076
375,9399,7.215991990365009,
376,9424,7.235738865778899,
377,9449,,7.198844215132434
377,9449,7.248625739089355,
378,9474,7.27946719917859,
379,9499,,7.2171823598793
379,9499,7.282064309407447,
380,9524,7.286526574769795,
381,9549,,7.217639768167372
381,9549,7.28351705530179,
382,9574,7.25609503569958,
383,9599,,7.142475228991511
383,9599,7.269635047990196,
384,9624,7.2990583968842175,
385,9649,,7.232664725937796
385,9649,7.3346966196236405,
386,9674,7.271164876305116,
387,9699,,7.3862589017268
387,9699,7.276212160552847,
388,9724,7.285906696921998,
389,9749,,7.315850677481393
389,9749,7.235367028070552,
390,9774,7.253005352549003,
391,9799,,7.218177868364146
391,9799,7.2787691301863315,
392,9824,7.241199803377781,
393,9849,,7.162653741358255
393,9849,7.251568771660641,
394,9874,7.246398663626523,
395,9899,,7.207237313883483
395,9899,7.244710014636488,
396,9924,7.240349669036753,
397,9949,,7.340042400453939
397,9949,7.241235383998624,
398,9974,7.2368925869735685,
399,9999,,7.122440536713503
399,9999,7.2299285354070175,
400,10024,7.278236927293011,
401,10049,,7.44275337973912
401,10049,7.260360978887097,
402,10074,7.254768752975443,
403,10099,,7.171820221162074
403,10099,7.282061097134161,
404,10124,7.24323034470195,
405,10149,,7.24745342047292
405,10149,7.270604965847645,
406,10174,7.287367229911078,
407,10199,,7.226883152651426
407,10199,7.24740207427599,
408,10224,7.23905193749801,
409,10249,,7.1852071980027015
409,10249,7.25709265928199,
410,10274,7.236823408261013,
411,10299,,7.216551336865959
411,10299,7.223043899372974,
412,10324,7.231395104887031,
413,10349,,7.265770633045055
413,10349,7.230863615969986,
414,10374,7.213366301379503,
415,10399,,7.1960251042636045
415,10399,7.240359881657824,
416,10424,7.234952412893983,
417,10449,,7.327344651344363
417,10449,7.2406509205783856,
418,10474,7.228945826139974,
419,10499,,7.187123988936659
419,10499,7.204063645225634,
420,10524,7.2344229332510235,
421,10549,,7.217397877246237
421,10549,7.222414753510302,
422,10574,7.216875349215114,
423,10599,,7.160802187695044
423,10599,7.233657103868227,
424,10624,7.22929673653906,
425,10649,,7.174819098351827
425,10649,7.205839432181701,
426,10674,7.262936430981866,
427,10699,,7.309996617537533
427,10699,7.2341660451092915,
428,10724,7.228895693562789,
429,10749,,7.18851188839355
429,10749,7.240078764714952,
430,10774,7.264972441420767,
431,10799,,7.231261650951116
431,10799,7.269933909774985,
432,10824,7.270556285607821,
433,10849,,7.176238909970159
433,10849,7.248904621668301,
434,10874,7.263941663592417,
435,10899,,7.23158095333684
435,10899,7.253584355317695,
436,10924,7.2115714311089825,
437,10949,,7.23664739554653
437,10949,7.2419772285496915,
438,10974,7.213336163041953,
439,10999,,7.022712178613023
439,10999,7.187638494103134,
440,11024,7.221746781894965,
441,11049,,7.229760534699334
441,11049,7.207832259923677,
442,11074,7.228394887850609,
443,11099,,7.243249163210291
443,11099,7.242450795478612,
444,11124,7.258711389448343,
445,11149,,7.168519503639441
445,11149,7.250111196742786,
446,11174,7.246291851390368,
447,11199,,7.168186864747771
447,11199,7.215164510545731,
448,11224,7.233851010237649,
449,11249,,7.108693064653858
449,11249,7.200113330477289,
450,11274,7.207476075805166,
451,11299,,7.14192901922316
451,11299,7.18769660933783,
452,11324,7.227206995133178,
453,11349,,7.102802306391942
453,11349,7.2086639139150535,
454,11374,7.203505102676778,
455,11399,,7.199505824607963
455,11399,7.206505020927385,
456,11424,7.221562228002979,
457,11449,,7.243593298383552
457,11449,7.244458343625961,
458,11474,7.223986383069785,
459,11499,,7.170928453840087
459,11499,7.253495534081401,
460,11524,7.230440633444959,
461,11549,,7.059898489840841
461,11549,7.197846583468366,
462,11574,7.194810957221064,
463,11599,,7.160229163303555
463,11599,7.198306654193265,
464,11624,7.193422943651181,
465,11649,,7.195438185551577
465,11649,7.191261772453302,
466,11674,7.1928537997564765,
467,11699,,7.093951938138051
467,11699,7.205299035462542,
468,11724,7.181774038507566,
469,11749,,7.192103067746726
469,11749,7.196401840222386,
470,11774,7.153060813298556,
471,11799,,7.1129862634585965
471,11799,7.147164367475407,
472,11824,7.184028315922423,
473,11849,,7.213695758961885
473,11849,7.195767706962108,
474,11874,7.193337848974059,
475,11899,,7.155613383029931
475,11899,7.1739315432892194,
476,11924,7.167299901949896,
477,11949,,7.189347054755545
477,11949,7.176011682789551,
478,11974,7.156060311486344,
479,11999,,7.121281025128219
479,11999,7.153394717256845,
480,12024,7.188633160379106,
481,12049,,7.203422282255689
481,12049,7.191449508688745,
482,12074,7.1983992249728646,
483,12099,,7.199058980779545
483,12099,7.17019377156569,
484,12124,7.168608514479565,
485,12149,,7.0833199826341104
485,12149,7.18065179022095,
486,12174,7.162120012034054,
487,12199,,7.0721697084153305
487,12199,7.175624626549609,
488,12224,7.170820973455543,
489,12249,,7.042914928559595
489,12249,7.148338099067436,
490,12274,7.167773811404721,
491,12299,,7.0805057740950215
491,12299,7.182643689418346,
492,12324,7.202190628652816,
493,12349,,7.087467128776206
493,12349,7.191852055486902,
494,12374,7.1720983715823365,
495,12399,,7.082675681833619
495,12399,7.168259280537184,
496,12424,7.167935844677214,
497,12449,,7.221428408745956
497,12449,7.195064835932123,
498,12474,7.180902972468156,
499,12499,,7.0667763935512244
499,12499,7.144222140928493,
500,12524,7.160209563289917,
501,12549,,7.148198309522233
501,12549,7.165423343672257,
502,12574,7.161305653673041,
503,12599,,7.183877909453061
503,12599,7.156694073246591,
504,12624,7.140472536144115,
505,12649,,7.187789733522074
505,12649,7.1740759120075,
506,12674,7.184156454429642,
507,12699,,7.163966346931083
507,12699,7.200106070147473,
508,12724,7.187844501088241,
509,12749,,7.287677844398346
509,12749,7.211573549037526,
510,12774,7.186863833696061,
511,12799,,7.077905710087898
511,12799,7.19140947282078,
512,12824,7.190400223207706,
513,12849,,7.160513797076434
513,12849,7.193792970181456,
514,12874,7.173288662440835,
515,12899,,7.088337760304389
515,12899,7.175870627549472,
516,12924,7.187221519518736,
517,12949,,7.11571326271368
517,12949,7.165865153146591,
518,12974,7.1754893515090545,
519,12999,,7.149105800640577
519,12999,7.153647187769097,
520,13024,7.159894896928245,
521,13049,,7.062695099280361
521,13049,7.150886661169545,
522,13074,7.156302108379779,
523,13099,,7.139055565087667
523,13099,7.144929683559756,
524,13124,7.176657390044214,
525,13149,,7.114858128752092
525,13149,7.159462994201855,
526,13174,7.1169771745855925,
527,13199,,7.2216116520811315
527,13199,7.155946924227458,
528,13224,7.162412123693945,
529,13249,,7.115146260071293
529,13249,7.1563929287863175,
530,13274,7.1757480227008585,
531,13299,,7.076670482362349
531,13299,7.1439709189909815,
532,13324,7.1313473715341456,
533,13349,,7.18871120251124
533,13349,7.166343376359909,
534,13374,7.1313271617209955,
535,13399,,7.108111015883339
535,13399,7.1462110541734,
536,13424,7.134796540170797,
537,13449,,7.167230234410548
537,13449,7.138042091079556,
538,13474,7.1530917865122445,
539,13499,,7.1532024131565
539,13499,7.153773938098664,
540,13524,7.144739480626754,
541,13549,,7.207205351682616
541,13549,7.155984891112982,
542,13574,7.159509068847314,
543,13599,,7.218557130689117
543,13599,7.144578696413392,
544,13624,7.131661743578435,
545,13649,,7.158788216248391
545,13649,7.1711113204332175,
546,13674,7.116285351750684,
547,13699,,7.131262430232606
547,13699,7.149841842117351,
548,13724,7.146032492757063,
549,13749,,7.324727331015919
549,13749,7.152492545163739,
550,13774,7.132215921046058,
551,13799,,7.074179794016665
551,13799,7.125210368921577,
552,13824,7.128807048262723,
553,13849,,7.083787893617541
553,13849,7.135371355450724,
554,13874,7.111294170444482,
555,13899,,7.186778110116692
555,13899,7.116700816036867,
556,13924,7.123284186798052,
557,13949,,7.030185744893686
557,13949,7.114660581577818,
558,13974,7.132543889436458,
559,13999,,7.078609690662258
559,13999,7.116212206209637,
560,14024,7.112621354977326,
561,14049,,7.209317646679525
561,14049,7.117766711829159,
562,14074,7.124655754181494,
563,14099,,7.011721871454322
563,14099,7.1083629976229705,
564,14124,7.121311082577568,
565,14149,,7.110639175491785
565,14149,7.109859772441632,
566,14174,7.118739554743056,
567,14199,,7.084980085201144
567,14199,7.1267249387376985,
568,14224,7.1420663766800265,
569,14249,,7.033215482258948
569,14249,7.128860040397306,
570,14274,7.108709651235995,
571,14299,,7.0202326877233725
571,14299,7.115089103898111,
572,14324,7.0991039147241715,
573,14349,,7.106186595837202
573,14349,7.1112410284681555,
574,14374,7.119841766481901,
575,14399,,7.091968333031372
575,14399,7.099522455458557,
576,14424,7.104057843629184,
577,14449,,7.070529262285097
577,14449,7.113967693687889,
578,14474,7.127274786516394,
579,14499,,7.058674805205614
579,14499,7.095846294554675,
580,14524,7.104198315874033,
581,14549,,7.08950307017566
581,14549,7.133105226283338,
582,14574,7.1168754603981945,
583,14599,,7.066365267772531
583,14599,7.1087864265317116,
584,14624,7.1366713974462845,
585,14649,,7.013251634216315
585,14649,7.125582310284658,
586,14674,7.102253578906381,
587,14699,,7.036041888120846
587,14699,7.127201393940647,
588,14724,7.109103252621879,
589,14749,,7.0325131469643
589,14749,7.121996848976392,
590,14774,7.118887779719138,
591,14799,,7.129421118760648
591,14799,7.10755056069794,
592,14824,7.101127208030512,
593,14849,,6.950105025675839
593,14849,7.098266583208133,
594,14874,7.103572600408748,
595,14899,,7.139027604357893
595,14899,7.1107294929513065,
596,14924,7.094713467619204,
597,14949,,7.071758232193767
597,14949,7.138207071047873,
598,14974,7.1069044822091785,
599,14999,,7.04106260964099
599,14999,7.123532324029484,
600,15024,7.119062285046055,
601,15049,,7.140765956230389
601,15049,7.1137702254727495,
602,15074,7.115146171060453,
603,15099,,7.085695644529847
603,15099,7.1294353628542515,
604,15124,7.115023015367519,
605,15149,,7.090062235490679
605,15149,7.096900987849368,
606,15174,7.109708628790251,
607,15199,,7.154686087909114
607,15199,7.120822938649832,
608,15224,7.098819671090523,
609,15249,,7.083479758165577
609,15249,7.105040570358959,
610,15274,7.094901925090416,
611,15299,,7.044688924477946
611,15299,7.07369873939425,
612,15324,7.1112784047979,
613,15349,,7.1168306900178315
613,15349,7.09643392189286,
614,15374,7.085376370318542,
615,15399,,7.045711017768543
615,15399,7.084085865088616,
616,15424,7.085484113734841,
617,15449,,7.01384034749263
617,15449,7.088748521969991,
618,15474,7.090047665357011,
619,15499,,7.186864303253705
619,15499,7.084537773390618,
620,15524,7.112175151186623,
621,15549,,7.095529700748888
621,15549,7.112188531370653,
622,15574,7.100273385001869,
623,15599,,7.028713306740422
623,15599,7.085449142895213,
624,15624,7.121526616225366,
625,15649,,7.063237928454808
625,15649,7.106576244324466,
626,15674,7.103146225698309,
627,15699,,7.049246412216918
627,15699,7.09167440613041,
628,15724,7.109273088123492,
629,15749,,7.262761204480263
629,15749,7.12643269864969,
630,15774,7.088696615827787,
631,15799,,7.122693893886844
631,15799,7.091995856152265,
632,15824,7.108867027055919,
633,15849,,7.0730037693530985
633,15849,7.101420494033207,
634,15874,7.123823403702984,
635,15899,,7.104277216853575
635,15899,7.115154872345738,
636,15924,7.094201216854393,
637,15949,,7.145269286185159
637,15949,7.113890563639364,
638,15974,7.077290380941213,
639,15999,,7.049529348963429
639,15999,7.09547919497451,
640,16024,7.092872416674888,
641,16049,,7.141346133415955
641,16049,7.088570329741526,
642,16074,7.0837517602665905,
643,16099,,7.0528966344365305
643,16099,7.079212567144874,
644,16124,7.06374156968638,
645,16149,,7.146024638903914
645,16149,7.0644829182544155,
646,16174,7.078934378928229,
647,16199,,7.021286706923661
647,16199,7.075768170484185,
648,16224,7.072009919774421,
649,16249,,7.04984057649969
649,16249,7.1025495652948045,
650,16274,7.066150640676282,
651,16299,,7.05260853389419
651,16299,7.07905763780115,
652,16324,7.0800175858236605,
653,16349,,7.001323969706592
653,16349,7.091386623620478,
654,16374,7.091261010933133,
655,16399,,7.095755641931981
655,16399,7.061891058481429,
656,16424,7.069722496605224,
657,16449,,7.068398499314726
657,16449,7.082406654351716,
658,16474,7.089706072687004,
659,16499,,7.019575794862362
659,16499,7.069348930292123,
660,16524,7.073848782128134,
661,16549,,6.9962711740371555
661,16549,7.0916583629321845,
662,16574,7.065838193929399,
663,16599,,7.1716039226071375
663,16599,7.085251226852672,
664,16624,7.083646486124817,
665,16649,,7.068567562991611
665,16649,7.087998238431148,
666,16674,7.116609644961652,
667,16699,,7.035228089489101
667,16699,7.086210424845139,
668,16724,7.062893239290234,
669,16749,,7.069456073465284
669,16749,7.069884048719645,
670,16774,7.087376810016392,
671,16799,,7.046802691949553
671,16799,7.063482767064119,
672,16824,7.045788142960659,
673,16849,,7.029517403641913
673,16849,7.064532652648815,
674,16874,7.060557348205957,
675,16899,,7.032858149125852
675,16899,7.064248424788357,
676,16924,7.050913957072467,
677,16949,,6.989833238839982
677,16949,7.073324682196956,
678,16974,7.051667397317854,
679,16999,,7.003003277324272
679,16999,7.065295616443649,
680,17024,7.064368770627735,
681,17049,,7.044838226456947
681,17049,7.05469823371336,
682,17074,7.049229747862902,
683,17099,,7.0855442603324565
683,17099,7.072151634570393,
684,17124,7.068860046679817,
685,17149,,7.020857965553532
685,17149,7.076912680608754,
686,17174,7.095670363523293,
687,17199,,7.002735395815058
687,17199,7.050062047253195,
688,17224,7.065023117503364,
689,17249,,6.980451700417097
689,17249,7.052221947051217,
690,17274,7.050288068816869,
691,17299,,6.98783373310247
691,17299,7.055829245707006,
692,17324,7.0511083485600805,
693,17349,,7.060589878764858
693,17349,7.054342787805718,
694,17374,7.049416152596289,
695,17399,,7.109837256083048
695,17399,7.078100795171799,
696,17424,7.069331278172813,
697,17449,,7.098877503882372
697,17449,7.066419703951112,
698,17474,7.032521802351982,
699,17499,,7.125672600129583
699,17499,7.039750014334308,
700,17524,7.08638857095757,
701,17549,,7.016500456797812
701,17549,7.047794016994274,
702,17574,7.062752632488572,
703,17599,,7.003766729406988
703,17599,7.070904815289118,
704,17624,7.06217727341699,
705,17649,,7.018103450718193
705,17649,7.046511211696868,
706,17674,7.047813368433988,
707,17699,,6.990763780663227
707,17699,7.051300844973217,
708,17724,7.081493916865712,
709,17749,,6.964184797805018
709,17749,7.045732602673353,
710,17774,7.0552900128993805,
711,17799,,7.009459772751631
711,17799,7.049996306732027,
712,17824,7.044595336552242,
713,17849,,7.072172614708006
713,17849,7.042910479928574,
714,17874,7.048882308371578,
715,17899,,7.075998817244521
715,17899,7.067400979977356,
716,17924,7.0525036638438285,
717,17949,,7.066999820687487
717,17949,7.050983602232416,
718,17974,7.050765675909039,
719,17999,,7.104270435587652
719,17999,7.055335449132473,
720,18024,7.050703763946434,
721,18049,,6.968592573872919
721,18049,7.0669657073698104,
722,18074,7.040250758992829,
723,18099,,6.9636342914794485
723,18099,7.0415816183820406,
724,18124,7.058914722992146,
725,18149,,7.010137440276848
725,18149,7.0539991845957255,
726,18174,7.057969149242257,
727,18199,,7.071572573719756
727,18199,7.032304809985049,
728,18224,7.024874987664644,
729,18249,,6.97338676131453
729,18249,7.0196474332800785,
730,18274,7.02999708704496,
731,18299,,7.1970658653581605
731,18299,7.0482011434192,
732,18324,7.0477053639290075,
733,18349,,7.06051936529575
733,18349,7.037038196974984,
734,18374,7.021757147386612,
735,18399,,6.965022867067263
735,18399,7.029826318524447,
736,18424,7.024290685704682,
737,18449,,7.080386508801053
737,18449,7.049210073888054,
738,18474,7.044350205702339,
739,18499,,7.093660155320305
739,18499,7.039904807538809,
740,18524,7.0264907823418925,
741,18549,,7.1632200554426415
741,18549,7.031856788841593,
742,18574,7.0398202715581215,
743,18599,,7.021526985723434
743,18599,7.040291754778353,
744,18624,7.030542600430614,
745,18649,,6.902954424442489
745,18649,7.012288288991434,
746,18674,7.008006231370035,
747,18699,,7.021254900852162
747,18699,7.011471276775244,
748,18724,7.011190103041891,
749,18749,,7.002739915124245
749,18749,7.02840227390475,
750,18774,6.992940546900755,
751,18799,,6.965705362281522
751,18799,7.021642818884468,
752,18824,7.019831351840198,
753,18849,,7.001826732160168
753,18849,7.023860502822916,
754,18874,6.991572120661839,
755,18899,,6.965241892606771
755,18899,7.016877343941212,
756,18924,7.035086661797002,
757,18949,,6.915402530533009
757,18949,7.019217515750303,
758,18974,7.026854371681685,
759,18999,,7.198281795037026
759,18999,7.051454308128474,
760,19024,7.016722273396068,
761,19049,,7.030596384288117
761,19049,7.006448867791617,
762,19074,7.014213691548109,
763,19099,,7.009933395242321
763,19099,7.025956450510363,
764,19124,7.0341154715869525,
765,19149,,7.093668941765863
765,19149,7.020613241728829,
766,19174,6.991936167860993,
767,19199,,6.8961364073511895
767,19199,6.999835794088896,
768,19224,7.016834959530167,
769,19249,,6.93100075968035
769,19249,7.0080877498163,
770,19274,7.033315337957955,
771,19299,,7.0046812333153206
771,19299,7.02938597306454,
772,19324,7.0067896493345,
773,19349,,6.92790184809622
773,19349,7.017636420407978,
774,19374,7.026218303450468,
775,19399,,6.905323983317009
775,19399,7.003257549388733,
776,19424,6.99528008560434,
777,19449,,6.986613711409504
777,19449,7.01752631865751,
778,19474,7.027822762177585,
779,19499,,7.005791191100972
779,19499,6.99127350251709,
780,19524,7.0167690130701805,
781,19549,,7.047980857564408
781,19549,7.007255944396607,
782,19574,7.0008487796292345,
783,19599,,7.019175421133106
783,19599,7.019510780342427,
784,19624,7.00614647739908,
785,19649,,6.954662972489911
785,19649,6.996750575144839,
786,19674,7.008388919892855,
787,19699,,6.996101311354395
787,19699,7.02711690521069,
788,19724,7.015098447822846,
789,19749,,7.013175196684212
789,19749,7.012218997744663,
790,19774,7.029093736017614,
791,19799,,6.822882764430105
791,19799,7.0307100192275565,
792,19824,7.02956554369422,
793,19849,,6.987165693533978
793,19849,7.0237584125542885,
794,19874,6.99198227325759,
795,19899,,6.890590751548005
795,19899,7.0229588784004395,
796,19924,7.0112279763485414,
797,19949,,7.042575650719007
797,19949,7.029825729271442,
798,19974,7.0131977191475015,
799,19999,,6.950286235075745
799,19999,7.006794379475609,
800,20024,6.997702382989707,
801,20049,,7.060139888545844
801,20049,7.002663441354151,
802,20074,7.00687157311831,
803,20099,,6.972994690808683
803,20099,7.002780927413589,
804,20124,7.000931016305934,
805,20149,,6.9780588389989235
805,20149,7.0194457852117775,
806,20174,7.010893724104702,
807,20199,,7.074632556334876
807,20199,7.003377948700692,
808,20224,6.988085250108711,
809,20249,,6.966577870543109
809,20249,7.004457478139313,
810,20274,7.008329329510038,
811,20299,,7.062559905706025
811,20299,7.019609320395839,
812,20324,7.0257323253270165,
813,20349,,6.954011289295349
813,20349,7.021798665137521,
814,20374,6.999673635881986,
815,20399,,7.0233624642674535
815,20399,7.008299750477171,
816,20424,6.999273343103941,
817,20449,,6.999177489907128
817,20449,6.999189497694205,
818,20474,6.997898895542008,
819,20499,,6.922182513386163
819,20499,6.991506785991573,
820,20524,6.994674609020709,
821,20549,,6.938601146842285
821,20549,7.002439243476887,
822,20574,7.0152167610471725,
823,20599,,6.96417808142931
823,20599,6.99065149120469,
824,20624,6.990316413334827,
825,20649,,7.014501258490367
825,20649,6.993795342960874,
826,20674,6.992452410749479,
827,20699,,6.9900126489837255
827,20699,6.997347767528291,
828,20724,6.9986176365331705,
829,20749,,7.012895037546537
829,20749,6.9816211679813005,
830,20774,7.001271704504945,
831,20799,,6.936366946830849
831,20799,6.978990912985764,
832,20824,6.993176255621086,
833,20849,,6.974602574933652
833,20849,7.000379522939505,
834,20874,7.025402060323483,
835,20899,,7.045363717443243
835,20899,6.99093719663143,
836,20924,7.004723690469253,
837,20949,,6.958363098544753
837,20949,7.000851193035052,
838,20974,6.978270856759476,
839,20999,,7.02846028037207
839,20999,7.000252879135342,
840,21024,6.994977752652351,
841,21049,,6.932107569410281
841,21049,7.003973677220185,
842,21074,6.997616538870155,
843,21099,,6.978568263133419
843,21099,6.98324876245228,
844,21124,6.979420188962188,
845,21149,,6.937106421070762
845,21149,6.959091765658839,
846,21174,6.972990369564461,
847,21199,,6.931916454942525
847,21199,6.981317052761109,
848,21224,6.997237079210856,
849,21249,,7.0405274199338805
849,21249,6.995463596653904,
850,21274,6.971114098317691,
851,21299,,6.921608372542761
851,21299,6.977217514701185,
852,21324,6.982744433982429,
853,21349,,6.963186119557697
853,21349,7.012315085738212,
854,21374,6.978901514923781,
855,21399,,6.895187026147743
855,21399,6.982865700941105,
856,21424,6.990373515570297,
857,21449,,6.914953361337635
857,21449,6.999888615057991,
858,21474,6.978623194963599,
859,21499,,6.930779083242124
859,21499,6.988198086208838,
860,21524,6.965185459494365,
861,21549,,6.972050669454945
861,21549,7.002026543383909,
862,21574,6.98421078034214,
863,21599,,6.894255887990224
863,21599,7.006064169012461,
864,21624,6.974291488283747,
865,21649,,6.909686430338981
865,21649,6.976743514145966,
866,21674,6.9627546540344545,
867,21699,,6.902722957306086
867,21699,6.978459782028945,
868,21724,6.976581705980953,
869,21749,,6.978084068321694
869,21749,6.972653063817186,
870,21774,6.992851476513937,
871,21799,,6.942414660083481
871,21799,6.978693896940003,
872,21824,6.981356976236615,
873,21849,,7.037076589753122
873,21849,6.997575161635761,
874,21874,6.9782341414302556,
875,21899,,6.956440623484576
875,21899,6.979144191471737,
876,21924,6.977203460064928,
877,21949,,6.921156128439886
877,21949,6.952308506262346,
878,21974,6.962542327343679,
879,21999,,6.973972713905065
879,21999,6.972424733179954,
880,22024,6.959447411017815,
881,22049,,6.899661327002834
881,22049,6.986892278944448,
882,22074,6.9664186032960504,
883,22099,,6.880711578236299
883,22099,6.965664007959037,
884,22124,6.986394336489638,
885,22149,,6.9058327787242
885,22149,6.975746500268087,
886,22174,6.961840815277475,
887,22199,,7.049136974929057
887,22199,6.977209159744749,
888,22224,6.966653944736129,
889,22249,,6.965694648152439
889,22249,6.948735380743635,
890,22274,6.952035373035778,
891,22299,,6.878178049358572
891,22299,6.956440575874384,
892,22324,6.946020606994863,
893,22349,,7.031672430973839
893,22349,6.970247558955002,
894,22374,6.9716417737669785,
895,22399,,6.8900270611948535
895,22399,6.944085172109437,
896,22424,6.957059970809861,
897,22449,,6.960268332064919
897,22449,6.955753686743943,
898,22474,6.96277694647085,
899,22499,,7.007500934284388
899,22499,6.966117288087345,
900,22524,6.97125101894979,
901,22549,,6.98252555990833
901,22549,6.954411690172848,
902,22574,6.958186827132471,
903,22599,,6.876988238308301
903,22599,6.962965607820835,
904,22624,6.969844610803789,
905,22649,,6.853157532597111
905,22649,6.961092777059397,
906,22674,6.97883931379261,
907,22699,,7.049189511007328
907,22699,6.9674384475153,
908,22724,6.948404634072736,
909,22749,,6.915113508857596
909,22749,6.94483954337764,
910,22774,6.942660106383335,
911,22799,,6.8588068304238075
911,22799,6.95191300185171,
912,22824,6.977592436370123,
913,22849,,6.980139615216169
913,22849,6.9725009123029436,
914,22874,6.947244304374321,
915,22899,,7.042513484950675
915,22899,6.979971949513611,
916,22924,6.960006753415979,
917,22949,,6.884362597463076
917,22949,6.950541770953808,
918,22974,6.964844055549572,
919,22999,,6.915412232756958
919,22999,6.968014205301465,
920,23024,6.96926128066262,
921,23049,,6.9126903738770595
921,23049,6.941761606728884,
922,23074,6.950302053494864,
923,23099,,6.8851519243793184
923,23099,6.9388298199402945,
924,23124,6.954283767586248,
925,23149,,6.996877955834525
925,23149,6.9516570123665185,
926,23174,6.951972160616343,
927,23199,,6.937135435650237
927,23199,6.971651409547965,
928,23224,6.95606511597201,
929,23249,,6.90286635551718
929,23249,6.960936452125194,
930,23274,6.966691711160052,
931,23299,,6.892947691930755
931,23299,6.966451776883578,
932,23324,6.948497789800064,
933,23349,,6.8618733252858295
933,23349,6.955402730114536,
934,23374,6.948835701668411,
935,23399,,6.886986634624713
935,23399,6.957565101546847,
936,23424,6.960115244483528,
937,23449,,6.871792409935319
937,23449,6.93888067778724,
938,23474,6.9698668470500795,
939,23499,,6.973480317984458
939,23499,6.9328814421003555,
940,23524,6.944357129512218,
941,23549,,6.901769872575748
941,23549,6.974506918606961,
942,23574,6.940091115876788,
943,23599,,7.060991823245329
943,23599,6.957853788458026,
944,23624,6.966494631366802,
945,23649,,6.934171917449033
945,23649,6.955222717512083,
946,23674,6.950232810447011,
947,23699,,6.951264630325792
947,23699,6.950892217489714,
948,23724,6.951342170599543,
949,23749,,6.921089546565607
949,23749,6.951598005065756,
950,23774,6.950669726371021,
951,23799,,6.960856278606056
951,23799,6.95188012189017,
952,23824,6.954043165699116,
953,23849,,6.925516824508554
953,23849,6.934130058552972,
954,23874,6.931799491547007,
955,23899,,6.92118669855766
955,23899,6.943107803883674,
956,23924,6.93697591847046,
957,23949,,6.901442608825764
957,23949,6.963291878340628,
958,23974,6.963488745783267,
959,23999,,6.897530775395301
959,23999,6.9538477358096555,
960,24024,6.95954361219331,
961,24049,,6.940295052360986
961,24049,6.961189548562194,
962,24074,6.955108193047934,
963,24099,,6.991214991988685
963,24099,6.938396925427803,
964,24124,6.94297206883279,
965,24149,,6.920641147253091
965,24149,6.938200937794078,
966,24174,6.9504294846995585,
967,24199,,6.977247568226948
967,24199,6.957860821171117,
968,24224,6.95612848806094,
969,24249,,6.915876797557851
969,24249,6.9583945675231735,
970,24274,6.943805444758638,
971,24299,,6.782538850820974
971,24299,6.929380684206892,
972,24324,6.9378050422133475,
973,24349,,6.831063852576669
973,24349,6.943786634298296,
974,24374,6.948779527219478,
975,24399,,6.906591941193229
975,24399,6.939023181311629,
976,24424,6.930476668624104,
977,24449,,6.860803941042602
977,24449,6.9440898865223,
978,24474,6.953886214668265,
979,24499,,6.979334255568233
979,24499,6.943856011361882,
980,24524,6.937913370393086,
981,24549,,6.973912927346444
981,24549,6.923055372529236,
982,24574,6.948114298118967,
983,24599,,6.923366421210156
983,24599,6.953121410506926,
984,24624,6.95016517176692,
985,24649,,6.990199108030216
985,24649,6.93547499929897,
986,24674,6.9215348307136315,
987,24699,,6.802991858463606
987,24699,6.932378923036736,
988,24724,6.943274003119224,
989,24749,,6.906075350851159
989,24749,6.938977449961899,
990,24774,6.938729088371066,
991,24799,,6.881002128359166
991,24799,6.928534122830139,
992,24824,6.950942942748553,
993,24849,,6.90653221446414
993,24849,6.944705273821637,
994,24874,6.917221089070604,
995,24899,,6.8421100749891455
995,24899,6.917854413005682,
996,24924,6.941705309200048,
997,24949,,6.826921793036725
997,24949,6.921758135941606,
998,24974,6.936574491857571,
999,24999,,6.981240104117212
999,24999,6.934395594526471,
1000,25024,6.951413194173713,
1001,25049,,6.84713221569506
1001,25049,6.950529711233044,
1002,25074,6.942917701601787,
1003,25099,,6.958792224310292
1003,25099,6.960159287061724,
1004,25124,6.934571050673039,
1005,25149,,6.826862793427376
1005,25149,6.920508635557356,
1006,25174,6.936133526551745,
1007,25199,,6.918214926199989
1007,25199,6.926640932959865,
1008,25224,6.920702664082712,
1009,25249,,6.949441314329023
1009,25249,6.959347991255087,
1010,25274,6.930515182465285,
1011,25299,,6.960996820955696
1011,25299,6.917228723459585,
1012,25324,6.930870083408173,
1013,25349,,6.811508401398432
1013,25349,6.9242015393643745,
1014,25374,6.951283813639684,
1015,25399,,6.861944445268112
1015,25399,6.90148461733553,
1016,25424,6.909229198264848,
1017,25449,,6.895257138440174
1017,25449,6.914386071780982,
1018,25474,6.922913289341976,
1019,25499,,6.939249904750364
1019,25499,6.928265204818897,
1020,25524,6.9361719325290165,
1021,25549,,6.894526368702344
1021,25549,6.9558516060041375,
1022,25574,6.938637708434005,
1023,25599,,6.954651338073097
1023,25599,6.932359692031182,
1024,25624,6.9336439480464325,
1025,25649,,6.895111098511945
1025,25649,6.900964174848786,
1026,25674,6.932469150027554,
1027,25699,,6.908640818685403
1027,25699,6.935408913539901,
1028,25724,6.941544691623125,
1029,25749,,6.8036876881692985
1029,25749,6.9338182335925795,
1030,25774,6.924211507578142,
1031,25799,,6.882524241117883
1031,25799,6.915772779394292,
1032,25824,6.928435968668117,
1033,25849,,6.932173554018868
1033,25849,6.930239439131267,
1034,25874,6.910501227876904,
1035,25899,,7.0632868772275454
1035,25899,6.941441358901708,
1036,25924,6.930038293227994,
1037,25949,,6.876568859138288
1037,25949,6.930674072006175,
1038,25974,6.908757806981446,
1039,25999,,6.925044989153514
1039,25999,6.9161169737255195,
1040,26024,6.942237263089656,
1041,26049,,6.83674819191501
1041,26049,6.932121960919302,
1042,26074,6.92935125546539,
1043,26099,,6.862239774055604
1043,26099,6.909723400053748,
1044,26124,6.910066801513789,
1045,26149,,6.9570557146688685
1045,26149,6.933018602186974,
1046,26174,6.93697680738055,
1047,26199,,6.842127634074751
1047,26199,6.916618456206477,
1048,26224,6.914230002696016,
1049,26249,,6.947737829428772
1049,26249,6.917663523141325,
1050,26274,6.911404778414781,
1051,26299,,6.84386994129625
1051,26299,6.914778959733776,
1052,26324,6.921613471643024,
1053,26349,,6.938388704349949
1053,26349,6.923164265189985,
1054,26374,6.918844605742295,
1055,26399,,6.901485001896489
1055,26399,6.924497891451136,
1056,26424,6.917771130210929,
1057,26449,,6.845830787251253
1057,26449,6.901576450216541,
1058,26474,6.919033739170912,
1059,26499,,6.924260544193979
1059,26499,6.947206788431625,
1060,26524,6.917277159315971,
1061,26549,,6.878060999826586
1061,26549,6.91024142824251,
1062,26574,6.907150282886827,
1063,26599,,6.882007680190743
1063,26599,6.920773044791046,
1064,26624,6.934533911588472,
1065,26649,,6.8979333818058155
1065,26649,6.940969067452556,
1066,26674,6.923667717732455,
1067,26699,,6.908787413055936
1067,26699,6.909834158976302,
1068,26724,6.930053049780017,
1069,26749,,6.897339794979999
1069,26749,6.919456663010968,
1070,26774,6.93024483840075,
1071,26799,,6.8760925058306075
1071,26799,6.911470277851447,
1072,26824,6.912936374012421,
1073,26849,,6.934019036685304
1073,26849,6.911635014630671,
1074,26874,6.9203331168203475,
1075,26899,,6.897037131095506
1075,26899,6.917453964597796,
1076,26924,6.9358025580110025,
1077,26949,,6.829745916995886
1077,26949,6.927037815424153,
1078,26974,6.903627323374472,
1079,26999,,6.805603703425856
1079,26999,6.914696990179275,
1080,27024,6.932071147646713,
1081,27049,,6.899377344757152
1081,27049,6.905163210622781,
1082,27074,6.933362755444822,
1083,27099,,6.88376065898957
1083,27099,6.906473877451403,
1084,27124,6.891998129716283,
1085,27149,,6.98359596701166
1085,27149,6.922037942525243,
1086,27174,6.8911593039635965,
1087,27199,,6.876403128991083
1087,27199,6.913415266031809,
1088,27224,6.920856576186087,
1089,27249,,6.82477788490228
1089,27249,6.903449870019672,
1090,27274,6.895598535613242,
1091,27299,,6.862913110470274
1091,27299,6.921501201761819,
1092,27324,6.89900894402479,
1093,27349,,6.943781733842049
1093,27349,6.91618679323586,
1094,27374,6.934052952716539,
1095,27399,,6.805240203417043
1095,27399,6.916980248924381,
1096,27424,6.9294284160315485,
1097,27449,,6.841907808394088
1097,27449,6.894499372800807,
1098,27474,6.914776417105607,
1099,27499,,6.944192457575331
1099,27499,6.912644106644294,
1100,27524,6.9045100570098255,
1101,27549,,6.939689737776172
1101,27549,6.8980305894071705,
1102,27574,6.918497767299459,
1103,27599,,6.941391044760101
1103,27599,6.915979696603702,
1104,27624,6.930281877447975,
1105,27649,,6.872626859127203
1105,27649,6.913912174495012,
1106,27674,6.903770454344346,
1107,27699,,6.853796675338266
1107,27699,6.906432523858555,
1108,27724,6.917564431304924,
1109,27749,,6.748299032885363
1109,27749,6.880414054276688,
1110,27774,6.900983714666815,
1111,27799,,6.859125659486409
1111,27799,6.911651771353293,
1112,27824,6.917947383178763,
1113,27849,,6.918701709753037
1113,27849,6.92178193020154,
1114,27874,6.903795551039227,
1115,27899,,6.908963130027506
1115,27899,6.911039719219641,
1116,27924,6.9184205904476554,
1117,27949,,6.908288680042642
1117,27949,6.919015642512062,
1118,27974,6.924460900602698,
1119,27999,,6.854988683647793
1119,27999,6.915436432640296,
1120,28024,6.901429619901688,
1121,28049,,6.809872007617963
1121,28049,6.9119266145869345,
1122,28074,6.902343699693574,
1123,28099,,6.825744499518578
1123,28099,6.916067147892641,
1124,28124,6.9012226323775305,
1125,28149,,6.840473695179448
1125,28149,6.89987897540398,
1126,28174,6.905454322202726,
1127,28199,,6.984823614257872
1127,28199,6.916899339510656,
1128,28224,6.911997912797805,
1129,28249,,6.938286104862913
1129,28249,6.924155625467572,
1130,28274,6.911237649904589,
1131,28299,,6.895376720937201
1131,28299,6.895425672935789,
1132,28324,6.906372088690813,
1133,28349,,6.949514823158895
1133,28349,6.903947072326269,
1134,28374,6.9129591455744706,
1135,28399,,6.9511193010772745
1135,28399,6.898253098708588,
1136,28424,6.906081787315625,
1137,28449,,6.898551142082328
1137,28449,6.900997427783315,
1138,28474,6.911108500960918,
1139,28499,,6.854574150870336
1139,28499,6.896565184682072,
1140,28524,6.89984006964496,
1141,28549,,6.89693795208265
1141,28549,6.907301686762882,
1142,28574,6.902832950094529,
1143,28599,,6.8408155300109295
1143,28599,6.9174147251211,
1144,28624,6.900901946610625,
1145,28649,,6.818122023868078
1145,28649,6.901455182206839,
1146,28674,6.906717139073753,
1147,28699,,6.834766277540688
1147,28699,6.904323286291079,
1148,28724,6.887445084721719,
1149,28749,,6.9762579107470515
1149,28749,6.902821187332929,
1150,28774,6.903871751549822,
1151,28799,,6.826221417744503
1151,28799,6.894556109350018,
1152,28824,6.895898232332157,
1153,28849,,6.89867265252223
1153,28849,6.89939260553078,
1154,28874,6.9074852113230465,
1155,28899,,6.854789776761814
1155,28899,6.895995258744834,
1156,28924,6.903390916860247,
1157,28949,,6.8898090233214315
1157,28949,6.902377106795495,
1158,28974,6.9105314365394594,
1159,28999,,7.032126268595231
1159,28999,6.909384734208692,
1160,29024,6.906882679600677,
1161,29049,,6.900799805078565
1161,29049,6.890061202127952,
1162,29074,6.89855367763029,
1163,29099,,6.947967496344249
1163,29099,6.898440279956975,
1164,29124,6.914610440994377,
1165,29149,,7.0058451366791346
1165,29149,6.903283515765676,
1166,29174,6.908445933797039,
1167,29199,,6.771207613517061
1167,29199,6.9019594603385634,
1168,29224,6.917481044265718,
1169,29249,,6.845536682727656
1169,29249,6.876230483942661,
1170,29274,6.911664817697108,
1171,29299,,6.785650614852565
1171,29299,6.908028561701601,
1172,29324,6.899144705125354,
1173,29349,,6.82627255704176
1173,29349,6.89545242322837,
1174,29374,6.911157591538756,
1175,29399,,6.865801639392252
1175,29399,6.910258910302854,
1176,29424,6.892453485310936,
1177,29449,,6.922678724831017
1177,29449,6.891147690786564,
1178,29474,6.887236552417129,
1179,29499,,6.8820119843693455
1179,29499,6.913751528158361,
1180,29524,6.9074253321263885,
1181,29549,,6.87255007226655
1181,29549,6.888229775039698,
1182,29574,6.884538364862483,
1183,29599,,6.900855717960526
1183,29599,6.883760431802255,
1184,29624,6.8993197113129865,
1185,29649,,6.852525063804066
1185,29649,6.883434992194518,
1186,29674,6.897660299886855,
1187,29699,,6.947853282994311
1187,29699,6.896124668463487,
1188,29724,6.906501180755424,
1189,29749,,6.870678899795699
1189,29749,6.899894735754978,
1190,29774,6.898091177169754,
1191,29799,,6.844415902998841
1191,29799,6.894338865018924,
1192,29824,6.904032861001378,
1193,29849,,6.871201757552186
1193,29849,6.895567710869435,
1194,29874,6.8787349844338745,
1195,29899,,6.855746298233679
1195,29899,6.881946811929154,
1196,29924,6.890935119265427,
1197,29949,,6.896714963152835
1197,29949,6.903873003804553,
1198,29974,6.88357962383608,
1199,29999,,6.913355572592748
